{"cameraMode":{"drawMode":0,"name":"Shaded","section":"Shading Mode"},"sceneLighting":false,"audioPlay":false,"sceneViewState":{"showFog":true,"showMaterialUpdate":false,"showSkybox":false,"showFlares":true,"showImageEffects":true,"showParticleSystems":true},"in2DMode":false,"pivot":{"x":0.10000038146972656,"y":3.75,"z":-0.0849987268447876},"rotation":{"x":0.1494356095790863,"y":-0.005044158082455397,"z":0.0007623132551088929,"w":0.9887608885765076},"size":5.388884544372559,"orthographic":false}